{
	"credit": "Made with Blockbench",
	"texture_size": [128, 128],
	"textures": {
		"0": "block/texture",
		"particle": "block/texture"
	},
	"elements": [
		{
			"from": [7, 0, 7],
			"to": [9, 2, 9],
			"color": 0,
			"faces": {
				"north": {"uv": [0, 0, 0.25, 0.25], "texture": "#missing"},
				"east": {"uv": [0, 0, 0.25, 0.25], "texture": "#missing"},
				"south": {"uv": [0, 0, 0.25, 0.25], "texture": "#missing"},
				"west": {"uv": [0, 0, 0.25, 0.25], "texture": "#missing"},
				"up": {"uv": [0, 0, 0.25, 0.25], "texture": "#missing"},
				"down": {"uv": [0, 0, 0.25, 0.25], "texture": "#missing"}
			}
		},
		{
			"from": [7, 2, 7],
			"to": [9, 4, 9],
			"color": 0,
			"faces": {
				"north": {"uv": [0, 0, 0.25, 0.25], "texture": "#missing"},
				"east": {"uv": [0, 0, 0.25, 0.25], "texture": "#missing"},
				"south": {"uv": [0, 0, 0.25, 0.25], "texture": "#missing"},
				"west": {"uv": [0, 0, 0.25, 0.25], "texture": "#missing"},
				"up": {"uv": [0, 0, 0.25, 0.25], "texture": "#missing"},
				"down": {"uv": [0, 0, 0.25, 0.25], "texture": "#missing"}
			}
		},
		{
			"from": [7, 4, 7],
			"to": [9, 6, 9],
			"color": 0,
			"faces": {
				"north": {"uv": [0, 0, 0.25, 0.25], "texture": "#missing"},
				"east": {"uv": [0, 0, 0.25, 0.25], "texture": "#missing"},
				"south": {"uv": [0, 0, 0.25, 0.25], "texture": "#missing"},
				"west": {"uv": [0, 0, 0.25, 0.25], "texture": "#missing"},
				"up": {"uv": [0, 0, 0.25, 0.25], "texture": "#missing"},
				"down": {"uv": [0, 0, 0.25, 0.25], "texture": "#missing"}
			}
		},
		{
			"from": [7, 6, 7],
			"to": [9, 8, 9],
			"color": 0,
			"faces": {
				"north": {"uv": [0, 0, 0.25, 0.25], "texture": "#missing"},
				"east": {"uv": [0, 0, 0.25, 0.25], "texture": "#missing"},
				"south": {"uv": [0, 0, 0.25, 0.25], "texture": "#missing"},
				"west": {"uv": [0, 0, 0.25, 0.25], "texture": "#missing"},
				"up": {"uv": [0, 0, 0.25, 0.25], "texture": "#missing"},
				"down": {"uv": [0, 0, 0.25, 0.25], "texture": "#missing"}
			}
		},
		{
			"from": [4, 8, 4],
			"to": [12, 9, 12],
			"color": 0,
			"faces": {
				"north": {"uv": [0, 0, 1, 0.125], "texture": "#missing"},
				"east": {"uv": [0, 0, 1, 0.125], "texture": "#missing"},
				"south": {"uv": [0, 0, 1, 0.125], "texture": "#missing"},
				"west": {"uv": [0, 0, 1, 0.125], "texture": "#missing"},
				"up": {"uv": [0, 0, 1, 1], "texture": "#missing"},
				"down": {"uv": [0, 0, 1, 1], "texture": "#missing"}
			}
		},
		{
			"from": [5, 9, 5],
			"to": [11, 10, 11],
			"color": 0,
			"faces": {
				"north": {"uv": [0, 0, 0.75, 0.125], "texture": "#missing"},
				"east": {"uv": [0, 0, 0.75, 0.125], "texture": "#missing"},
				"south": {"uv": [0, 0, 0.75, 0.125], "texture": "#missing"},
				"west": {"uv": [0, 0, 0.75, 0.125], "texture": "#missing"},
				"up": {"uv": [0, 0, 0.75, 0.75], "texture": "#missing"},
				"down": {"uv": [0, 0, 0.75, 0.75], "texture": "#missing"}
			}
		},
		{
			"from": [6, 10, 6],
			"to": [10, 11, 10],
			"color": 0,
			"faces": {
				"north": {"uv": [0, 0, 0.5, 0.125], "texture": "#missing"},
				"east": {"uv": [0, 0, 0.5, 0.125], "texture": "#missing"},
				"south": {"uv": [0, 0, 0.5, 0.125], "texture": "#missing"},
				"west": {"uv": [0, 0, 0.5, 0.125], "texture": "#missing"},
				"up": {"uv": [0, 0, 0.5, 0.5], "texture": "#missing"},
				"down": {"uv": [0, 0, 0.5, 0.5], "texture": "#missing"}
			}
		},
		{
			"from": [-16, 0, -16],
			"to": [32, 0, 32],
			"faces": {
				"north": {"uv": [0, 0, 6, 0], "texture": "#0"},
				"east": {"uv": [0, 0, 6, 0], "texture": "#0"},
				"south": {"uv": [0, 0, 6, 0], "texture": "#0"},
				"west": {"uv": [0, 0, 6, 0], "texture": "#0"},
				"up": {"uv": [6, 6, 0, 0], "texture": "#0"},
				"down": {"uv": [6, 6, 0, 12], "texture": "#0"}
			}
		}
	],
	"groups": [
		{
			"name": "loo_plant",
			"origin": [8, 8, 8],
			"color": 0,
			"nbt": "{}",
			"children": [0, 1, 2, 3, 4, 5, 6, 7]
		}
	]
}