{
  "_fv": 79,
  "_type": "procedure",
  "definition": {
    "procedurexml": "<?xml version=\"1.0\" encoding=\"UTF-8\" standalone=\"no\"?><xml xmlns=\"https://developers.google.com/blockly/xml\"><block deletable=\"false\" type=\"event_trigger\" x=\"40\" y=\"40\"><field name=\"trigger\">no_ext_trigger</field><next><block type=\"world_send_chat\"><value name=\"text\"><block type=\"text\"><field name=\"TEXT\">Warning: bats Warning:bats</field></block></value><next><block type=\"controls_repeat_ext\"><value name=\"TIMES\"><block type=\"math_number\"><field name=\"NUM\">50</field></block></value><statement name=\"DO\"><block type=\"spawn_entity\"><field name=\"entity\">EntityBat</field><value name=\"x\"><block type=\"coord_x\"/></value><value name=\"y\"><block type=\"coord_y\"/></value><value name=\"z\"><block type=\"coord_z\"/></value><next><block type=\"strike_lightning\"><field name=\"effectOnly\">TRUE</field><value name=\"x\"><block type=\"coord_x\"/></value><value name=\"y\"><block type=\"math_number\"><field name=\"NUM\">0</field></block></value><value name=\"z\"><block type=\"coord_z\"/></value></block></next></block></statement><next><block type=\"explode\"><field name=\"mode\">TNT</field><value name=\"x\"><block type=\"coord_x\"/></value><value name=\"y\"><block type=\"coord_y\"/></value><value name=\"z\"><block type=\"coord_z\"/></value><value name=\"power\"><block type=\"math_number\"><field name=\"NUM\">50</field></block></value></block></next></block></next></block></next></block></xml>",
    "skipDependencyNullCheck": false
  }
}