{
  "_fv": 79,
  "_type": "procedure",
  "definition": {
    "procedurexml": "<?xml version=\"1.0\" encoding=\"UTF-8\" standalone=\"no\"?><xml xmlns=\"https://developers.google.com/blockly/xml\"><variables><variable id=\"babby\" type=\"Number\">babby</variable></variables><block deletable=\"false\" inline=\"false\" type=\"event_trigger\" x=\"91\" y=\"78\"><field name=\"trigger\">chat_sent</field><next><block inline=\"false\" type=\"variables_set_number\"><mutation xmlns=\"http://www.w3.org/1999/xhtml\" has_entity=\"false\" is_player_var=\"false\"/><field name=\"VAR\">local:babby</field><value name=\"VAL\"><block inline=\"false\" type=\"math_random_int_between\"><value name=\"min\"><block type=\"math_number\"><field name=\"NUM\">1</field></block></value><value name=\"max\"><block type=\"math_number\"><field name=\"NUM\">10</field></block></value></block></value><next><block type=\"controls_if\"><mutation else=\"1\" elseif=\"1\"/><value name=\"IF0\"><block inline=\"false\" type=\"math_binary_ops\"><field name=\"OP\">EQ</field><value name=\"A\"><block type=\"variables_get_number\"><mutation xmlns=\"http://www.w3.org/1999/xhtml\" has_entity=\"false\" is_player_var=\"false\"/><field name=\"VAR\">local:babby</field></block></value><value name=\"B\"><block type=\"math_number\"><field name=\"NUM\">6</field></block></value></block></value><statement name=\"DO0\"><block inline=\"false\" type=\"entity_add_item\"><value name=\"amount\"><block type=\"math_number\"><field name=\"NUM\">20</field></block></value><value name=\"item\"><block type=\"mcitem_all\"><field name=\"value\">CUSTOM:Iridiumore</field></block></value><value name=\"entity\"><block type=\"entity_from_deps\"/></value><next><block inline=\"false\" type=\"world_send_chat\"><value name=\"text\"><block type=\"text\"><field name=\"TEXT\">ORE++</field></block></value></block></next></block></statement><value name=\"IF1\"><block inline=\"false\" type=\"math_binary_ops\"><field name=\"OP\">EQ</field><value name=\"A\"><block type=\"variables_get_number\"><mutation xmlns=\"http://www.w3.org/1999/xhtml\" has_entity=\"false\" is_player_var=\"false\"/><field name=\"VAR\">local:babby</field></block></value><value name=\"B\"><block type=\"math_number\"><field name=\"NUM\">5</field></block></value></block></value><statement name=\"DO1\"><block type=\"entity_add_item\"><value name=\"amount\"><block type=\"math_number\"><field name=\"NUM\">10</field></block></value><value name=\"item\"><block type=\"mcitem_all\"><field name=\"value\">CUSTOM:Iridiumore</field></block></value><value name=\"entity\"><block type=\"entity_from_deps\"/></value><next><block type=\"world_send_chat\"><value name=\"text\"><block type=\"text\"><field name=\"TEXT\">ORE+</field></block></value></block></next></block></statement><statement name=\"ELSE\"><block type=\"entity_add_item\"><value name=\"amount\"><block type=\"math_number\"><field name=\"NUM\">1</field></block></value><value name=\"item\"><block type=\"mcitem_all\"><field name=\"value\">CUSTOM:Iridiumore</field></block></value><value name=\"entity\"><block type=\"entity_from_deps\"/></value></block></statement><next><block inline=\"false\" type=\"variables_set_number\"><mutation xmlns=\"http://www.w3.org/1999/xhtml\" has_entity=\"false\" is_player_var=\"false\"/><field name=\"VAR\">local:babby</field><value name=\"VAL\"><block type=\"math_random_int_between\"><value name=\"min\"><block type=\"math_number\"><field name=\"NUM\">1</field></block></value><value name=\"max\"><block type=\"math_number\"><field name=\"NUM\">10</field></block></value></block></value></block></next></block></next></block></next></block></xml>",
    "skipDependencyNullCheck": false
  }
}