{
  "_fv": 79,
  "_type": "procedure",
  "definition": {
    "procedurexml": "<?xml version=\"1.0\" encoding=\"UTF-8\" standalone=\"no\"?><xml xmlns=\"https://developers.google.com/blockly/xml\"><block deletable=\"false\" type=\"event_trigger\" x=\"40\" y=\"40\"><field name=\"trigger\">no_ext_trigger</field><next><block type=\"controls_if\"><value name=\"IF0\"><block type=\"compare_mcblocks\"><value name=\"a\"><block inline=\"false\" type=\"world_data_blockat\"><value name=\"x\"><block type=\"entity_lookpos_x\"><field name=\"fluid_mode\">NONE</field><field name=\"block_mode\">OUTLINE</field><value name=\"entity\"><block type=\"entity_from_deps\"/></value><value name=\"maxdistance\"><block type=\"math_number\"><field name=\"NUM\">10</field></block></value></block></value><value name=\"y\"><block type=\"entity_lookpos_y\"><field name=\"fluid_mode\">NONE</field><field name=\"block_mode\">OUTLINE</field><value name=\"entity\"><block type=\"entity_from_deps\"/></value><value name=\"maxdistance\"><block type=\"math_number\"><field name=\"NUM\">10</field></block></value></block></value><value name=\"z\"><block type=\"entity_lookpos_z\"><field name=\"fluid_mode\">NONE</field><field name=\"block_mode\">OUTLINE</field><value name=\"entity\"><block type=\"entity_from_deps\"/></value><value name=\"maxdistance\"><block type=\"math_number\"><field name=\"NUM\">10</field></block></value></block></value></block></value><value name=\"b\"><block type=\"mcitem_allblocks\"><field name=\"value\">CUSTOM:Fireblock</field></block></value></block></value><statement name=\"DO0\"><block inline=\"false\" type=\"entity_add_potion\"><field name=\"potion\">NIGHT_VISION</field><value name=\"level\"><block type=\"math_number\"><field name=\"NUM\">50</field></block></value><value name=\"duration\"><block type=\"math_number\"><field name=\"NUM\">9000</field></block></value><value name=\"entity\"><block type=\"entity_from_deps\"/></value><next><block inline=\"false\" type=\"entity_add_potion\"><field name=\"potion\">ABSORPTION</field><value name=\"level\"><block type=\"math_number\"><field name=\"NUM\">50</field></block></value><value name=\"duration\"><block type=\"math_number\"><field name=\"NUM\">9000</field></block></value><value name=\"entity\"><block type=\"entity_from_deps\"/></value><next><block inline=\"false\" type=\"block_remove\"><value name=\"x\"><block inline=\"false\" type=\"entity_lookpos_x\"><field name=\"fluid_mode\">NONE</field><field name=\"block_mode\">OUTLINE</field><value name=\"entity\"><block type=\"entity_from_deps\"/></value><value name=\"maxdistance\"><block type=\"math_number\"><field name=\"NUM\">10</field></block></value></block></value><value name=\"y\"><block inline=\"false\" type=\"entity_lookpos_y\"><field name=\"fluid_mode\">NONE</field><field name=\"block_mode\">OUTLINE</field><value name=\"entity\"><block type=\"entity_from_deps\"/></value><value name=\"maxdistance\"><block type=\"math_number\"><field name=\"NUM\">10</field></block></value></block></value><value name=\"z\"><block inline=\"false\" type=\"entity_lookpos_z\"><field name=\"fluid_mode\">NONE</field><field name=\"block_mode\">OUTLINE</field><value name=\"entity\"><block type=\"entity_from_deps\"/></value><value name=\"maxdistance\"><block type=\"math_number\"><field name=\"NUM\">10</field></block></value></block></value></block></next></block></next></block></statement></block></next></block></xml>",
    "skipDependencyNullCheck": false
  }
}