{
  "_fv": 79,
  "_type": "procedure",
  "definition": {
    "procedurexml": "<?xml version=\"1.0\" encoding=\"UTF-8\" standalone=\"no\"?><xml xmlns=\"https://developers.google.com/blockly/xml\"><block deletable=\"false\" inline=\"false\" type=\"event_trigger\" x=\"40\" y=\"40\"><field name=\"trigger\">no_ext_trigger</field><next><block inline=\"false\" type=\"execute_command\"><value name=\"command\"><block type=\"text\"><field name=\"TEXT\">/damage @p 1</field></block></value><value name=\"x\"><block type=\"entity_lookpos_x\"><field name=\"fluid_mode\">NONE</field><field name=\"block_mode\">OUTLINE</field><value name=\"entity\"><block type=\"entity_from_deps\"/></value><value name=\"maxdistance\"><block type=\"math_number\"><field name=\"NUM\">5</field></block></value></block></value><value name=\"y\"><block type=\"entity_lookpos_y\"><field name=\"fluid_mode\">NONE</field><field name=\"block_mode\">OUTLINE</field><value name=\"entity\"><block type=\"entity_from_deps\"/></value><value name=\"maxdistance\"><block type=\"math_number\"><field name=\"NUM\">5</field></block></value></block></value><value name=\"z\"><block type=\"entity_lookpos_z\"><field name=\"fluid_mode\">NONE</field><field name=\"block_mode\">OUTLINE</field><value name=\"entity\"><block type=\"entity_from_deps\"/></value><value name=\"maxdistance\"><block type=\"math_number\"><field name=\"NUM\">5</field></block></value></block></value></block></next></block></xml>",
    "skipDependencyNullCheck": false
  }
}