{
  "schemaVersion": 1,
  "id": "lucas",
  "version": "1.0.0",
  "name": "lucas",
  "authors": [
    "lucas, MCreator"
  ],
  "contact": {
    "homepage": "https://mcreator.net",
    "sources": ""
  },
  "license": "Academic Free License v3.0",
  "environment": "*",
  "entrypoints": {
    "main": [
      "net.mcreator.lucas.LucasMod"
    ],
    "client": [
      "net.mcreator.lucas.LucasModClient"
    ]
  },
  "accessWidener": "META-INF/lucas.accesswidener",
  "mixins": [
    "lucas.mixins.json"
  ],
  "depends": {
    "fabricloader": ">=0.17.2",
    "minecraft": "~1.21.8",
    "java": ">=21",
    "fabric-api": "*"
  },
  "suggests": {
    "lucas": "*"
  }
}