{
  "has_precipitation": true,
  "temperature": 1,
  "downfall": 0.2,
  "effects": {
    "music": {
      "sound": "block.amethyst_cluster.place",
      "min_delay": 12000,
      "max_delay": 24000,
      "replace_current_music": true
    },
    "foliage_color": -13434625,
    "grass_color": -3407770,
    "sky_color": -3381505,
    "fog_color": -3381505,
    "water_color": -6750055,
    "water_fog_color": -13408513
  },
  "spawners": {
    "monster": [],
    "creature": [],
    "ambient": [],
    "axolotls": [],
    "underground_water_creature": [],
    "water_creature": [],
    "water_ambient": [],
    "misc": []
  },
  "spawn_costs": {},
  "carvers": {
    "air": [
      "minecraft:cave",
      "minecraft:cave_extra_underground",
      "minecraft:canyon"
    ]
  },
  "features": [
    [],
    [
      "minecraft:lake_lava_underground"
    ],
    [],
    [],
    [],
    [],
    [
      "minecraft:ore_coal_upper",
      "minecraft:ore_coal_lower",
      "minecraft:ore_iron_upper",
      "minecraft:ore_iron_middle",
      "minecraft:ore_iron_small",
      "minecraft:ore_gold",
      "minecraft:ore_gold_lower",
      "minecraft:ore_redstone",
      "minecraft:ore_redstone_lower",
      "minecraft:ore_diamond",
      "minecraft:ore_diamond_large",
      "minecraft:ore_diamond_buried",
      "minecraft:ore_lapis",
      "minecraft:ore_lapis_buried",
      "minecraft:ore_copper",
      "minecraft:underwater_magma"
    ],
    [],
    [],
    [
      "lucas:candyland_tree"
    ],
    [
      "minecraft:freeze_top_layer"
    ]
  ]
}