{
  "_fv": 57,
  "_type": "tool",
  "definition": {
    "toolType": "Sword",
    "renderType": 0,
    "blockingRenderType": 0,
    "texture": "lightning",
    "customModelName": "Normal",
    "blockingModelName": "Normal blocking",
    "name": "Lightningsword",
    "specialInformation": {
      "fixedValue": []
    },
    "creativeTab": {
      "value": "COMBAT"
    },
    "harvestLevel": 10,
    "efficiency": 4.0,
    "attackSpeed": 20.0,
    "enchantability": 99,
    "damageVsEntity": 91.0,
    "usageCount": 128,
    "blocksAffected": [],
    "glowCondition": {
      "fixedValue": true
    },
    "repairItems": [],
    "immuneToFire": true,
    "stayInGridWhenCrafting": false,
    "damageOnCrafting": false,
    "onRightClickedInAir": {
      "name": "LightningswordRightclicked1"
    },
    "onEntitySwing": {
      "name": "LightningswordEntitySwingsItem"
    }
  }
}