{
  "_fv": 79,
  "_type": "procedure",
  "definition": {
    "procedurexml": "<?xml version=\"1.0\" encoding=\"UTF-8\" standalone=\"no\"?><xml xmlns=\"https://developers.google.com/blockly/xml\"><block deletable=\"false\" type=\"event_trigger\" x=\"40\" y=\"40\"><field name=\"trigger\">no_ext_trigger</field><next><block type=\"controls_repeat_ext\"><value name=\"TIMES\"><block type=\"math_number\"><field name=\"NUM\">50</field></block></value><statement name=\"DO\"><block type=\"spawn_entity\"><field name=\"entity\">EntityTNTPrimed</field><value name=\"x\"><block type=\"coord_x\"/></value><value name=\"y\"><block type=\"coord_y\"/></value><value name=\"z\"><block type=\"coord_z\"/></value></block></statement><next><block type=\"execute_command\"><value name=\"command\"><block type=\"text\"><field name=\"TEXT\">/title @p title what were you thinking!?</field></block></value><value name=\"x\"><block type=\"coord_x\"/></value><value name=\"y\"><block type=\"coord_y\"/></value><value name=\"z\"><block type=\"coord_z\"/></value></block></next></block></next></block><block type=\"controls_if\" x=\"226\" y=\"720\"><mutation elseif=\"1\"/></block></xml>",
    "skipDependencyNullCheck": false
  }
}