{
  "_fv": 79,
  "_type": "procedure",
  "definition": {
    "procedurexml": "<?xml version=\"1.0\" encoding=\"UTF-8\" standalone=\"no\"?><xml xmlns=\"https://developers.google.com/blockly/xml\"><variables><variable id=\"time\" type=\"Number\">time</variable><variable id=\"time2\" type=\"MCItemBlock\">time2</variable></variables><block deletable=\"false\" type=\"event_trigger\" x=\"297\" y=\"11\"><field name=\"trigger\">no_ext_trigger</field><next><block type=\"variables_set_number\"><mutation xmlns=\"http://www.w3.org/1999/xhtml\" has_entity=\"false\" is_player_var=\"false\"/><field name=\"VAR\">local:time</field><value name=\"VAL\"><block type=\"time_seconds\"/></value></block></next></block><block type=\"world_send_chat\" x=\"836\" y=\"132\"/><block type=\"variables_get_number\" x=\"401\" y=\"189\"><mutation xmlns=\"http://www.w3.org/1999/xhtml\" has_entity=\"false\" is_player_var=\"false\"/><field name=\"VAR\">local:time</field></block><block type=\"world_send_chat\" x=\"96\" y=\"221\"/><block type=\"world_send_chat\" x=\"124\" y=\"277\"/><block type=\"variables_get_number\" x=\"555\" y=\"279\"><mutation xmlns=\"http://www.w3.org/1999/xhtml\" has_entity=\"false\" is_player_var=\"false\"/><field name=\"VAR\">local:time</field></block><block type=\"world_send_chat\" x=\"152\" y=\"333\"/><block type=\"variables_get_number\" x=\"480\" y=\"325\"><mutation xmlns=\"http://www.w3.org/1999/xhtml\" has_entity=\"false\" is_player_var=\"false\"/><field name=\"VAR\">local:time</field></block><block type=\"time_week_of_year\" x=\"379\" y=\"419\"/><block type=\"time_hours\" x=\"134\" y=\"470\"/><block type=\"time_minutes\" x=\"651\" y=\"465\"/><block type=\"time_day_of_week\" x=\"249\" y=\"513\"/><block type=\"time_month\" x=\"85\" y=\"586\"/><block type=\"time_day_of_month\" x=\"19\" y=\"677\"/><block type=\"time_year\" x=\"259\" y=\"678\"/></xml>",
    "skipDependencyNullCheck": false
  }
}