{
  "_fv": 79,
  "_type": "tool",
  "definition": {
    "toolType": "Sword",
    "renderType": 0,
    "blockingRenderType": 0,
    "texture": "lightning",
    "customModelName": "Normal",
    "blockingModelName": "Normal blocking",
    "name": "Lightningsword",
    "specialInformation": {
      "fixedValue": []
    },
    "creativeTabs": [
      {
        "value": "COMBAT"
      }
    ],
    "efficiency": 4.0,
    "attackSpeed": 20.0,
    "enchantability": 99,
    "damageVsEntity": 91.0,
    "usageCount": 128,
    "glowCondition": {
      "fixedValue": true
    },
    "repairItems": [],
    "immuneToFire": true,
    "blockDropsTier": "NETHERITE",
    "blocksAffected": [],
    "stayInGridWhenCrafting": false,
    "damageOnCrafting": false,
    "onRightClickedInAir": {
      "name": "LightningswordRightclicked1"
    },
    "onEntitySwing": {
      "name": "LightningswordEntitySwingsItem"
    }
  }
}