{
  "_fv": 79,
  "_type": "procedure",
  "definition": {
    "procedurexml": "<?xml version=\"1.0\" encoding=\"UTF-8\" standalone=\"no\"?><xml xmlns=\"https://developers.google.com/blockly/xml\"><block deletable=\"false\" type=\"event_trigger\" x=\"40\" y=\"40\"><field name=\"trigger\">chat_sent</field><next><block inline=\"false\" type=\"projectile_shoot_from_entity\"><value name=\"projectile\"><block type=\"projectiles_fireball\"><field name=\"projectile\">DragonFireball</field><value name=\"ax\"><block type=\"math_number\"><field name=\"NUM\">5</field></block></value><value name=\"ay\"><block type=\"math_number\"><field name=\"NUM\">5</field></block></value><value name=\"az\"><block type=\"math_number\"><field name=\"NUM\">5</field></block></value><value name=\"shooter\"><block type=\"entity_none\"/></value></block></value><value name=\"entity\"><block type=\"entity_from_deps\"/></value><value name=\"speed\"><block type=\"math_number\"><field name=\"NUM\">2</field></block></value><value name=\"inaccuracy\"><block type=\"math_number\"><field name=\"NUM\">0</field></block></value></block></next></block></xml>",
    "skipDependencyNullCheck": false
  }
}