{
  "_fv": 79,
  "_type": "procedure",
  "definition": {
    "procedurexml": "<?xml version=\"1.0\" encoding=\"UTF-8\" standalone=\"no\"?><xml xmlns=\"https://developers.google.com/blockly/xml\"><block deletable=\"false\" type=\"event_trigger\" x=\"40\" y=\"40\"><field name=\"trigger\">no_ext_trigger</field><next><block type=\"controls_repeat_ext\"><value name=\"TIMES\"><block type=\"math_number\"><field name=\"NUM\">5</field></block></value><statement name=\"DO\"><block type=\"spawn_particle\"><field name=\"particle\">CUSTOM:Loo</field><value name=\"x\"><block type=\"coord_x\"/></value><value name=\"y\"><block type=\"coord_y\"/></value><value name=\"z\"><block type=\"coord_z\"/></value><value name=\"xs\"><block type=\"math_number\"><field name=\"NUM\">0.25</field></block></value><value name=\"ys\"><block type=\"math_number\"><field name=\"NUM\">-0.3</field></block></value><value name=\"zs\"><block type=\"math_number\"><field name=\"NUM\">0.25</field></block></value><next><block type=\"spawn_particle\"><field name=\"particle\">CUSTOM:Loo</field><value name=\"x\"><block type=\"coord_x\"/></value><value name=\"y\"><block type=\"coord_y\"/></value><value name=\"z\"><block type=\"coord_z\"/></value><value name=\"xs\"><block type=\"math_number\"><field name=\"NUM\">-0.25</field></block></value><value name=\"ys\"><block type=\"math_number\"><field name=\"NUM\">-0.3</field></block></value><value name=\"zs\"><block type=\"math_number\"><field name=\"NUM\">-0.25</field></block></value></block></next></block></statement></block></next></block></xml>",
    "skipDependencyNullCheck": false
  }
}